artist,genre,genre_id,,,
12th Planet,Dubstep,100014,,,
2 Chainz,R&B,15,,,
2 Chainz,Hip Hop,18,,,
2 Chainz,Soul,15,,,
2 Chainz,Rap,18,,,
3LAU,Dance,17,,,
50 Cent,Hip Hop,18,,,
50 Cent,Rap,18,,,
7and5,New Age,13,,,
€¡rem Derici,Pop,14,,,
Abel Korzeniowski,Soundtrack,16,,,
Ace Hood,Hip Hop,18,,,
Ace Hood,Rap,18,,,
Adam Lambert,Pop,14,,,
Adam Lambert,Dance,17,,,
Adam Lambert,House,1048,,,
Adam Levine,Blues,2,,,
Adam Levine,Pop,14,,,
Adam Levine,Rock,21,,,
Aero Chord,Dance,17,,,
Afrojack,Dance,17,,,
Ahrix,Electronic,7,,,
Ahxello,Electronic,7,,,
Akon,Bollywood,1263,,,
Akon,Hip Hop,18,,,
Akon,Rap,18,,,
Alan Jackson,Country,6,,,
Alan Jackson,Soundtrack,16,,,
Alan Jackson,Christian & Gospel,22,,,
Alan Silvestri,Soundtrack,16,,,
Alan Walker,Electronic,7,,,
Alan Walker,Pop,14,,,
Alan Walker,Dance,17,,,
Alan Walker,House,1048,,,
Alan Walker,Singer,10,,,
Alan Walker,Songwriter,10,,,
Alesso,Dance,17,,,
Alex Goot,Singer,10,,,
Alex Goot,Songwriter,10,,,
Alex Skrindo,Electronic,7,,,
Alexandre Desplat,Soundtrack,16,,,
Aloe Blacc,Rock,21,,,
Aloe Blacc,R&B,15,,,
Aloe Blacc,Soul,15,,,
Alvaro Soler,Pop in Spanish,1117,,,
AndrÌ© Rieu,Classical,5,,,
Andrea Bocelli,Classical,5,,,
Andrew Lloyd Webber,Vocal,23,,,
Andy Grammer,Pop,14,,,
Andy McKee,Singer,10,,,
Andy McKee,Songwriter,10,,,
Andy Tubman,Pop,14,,,
Andy Williams,Holiday,8,,,
Andy Williams,Jazz,11,,,
Andy Williams,Latin,12,,,
Andy Williams,Pop,14,,,
Andy Williams,Soundtrack,16,,,
Andy Williams,World,19,,,
Andy Williams,Vocal,23,,,
Andy Williams,French Pop,50000064,,,
Andy Williams,Big Band,1052,,,
Andy Williams,Christmas,1080,,,
Anthony Hamilton,R&B,15,,,
Anthony Hamilton,Soul,15,,,
Antonio Vivaldi,Classical,5,,,
ÌÏmit Sayin,Indian Pop,1185,,,
Apollo Tribe,Hip Hop,18,,,
Apollo Tribe,Rap,18,,,
Arash,House,1048,,,
Arash,Trance,1051,,,
Arash,Pop,14,,,
Armik,New Age,13,,,
Armin van Buuren,Electronic,7,,,
Armin van Buuren,Latin,12,,,
Arthur Rubinstein,Classical,5,,,
ASAP Rocky,Pop,14,,,
ASAP Rocky,Hip Hop,18,,,
ASAP Rocky,Rap,18,,,
Astrix,Dance,17,,,
Astronaut,Dance,17,,,
Astronaut,Rock,21,,,
Astronomyy,Alternative,20,,,
ATB,Dance,17,,,
ATB,Rock,21,,,
Au5,Dance,17,,,
Audien,Dance,17,,,
August Alsina,R&B,15,,,
August Alsina,Soul,15,,,
Austin Mahone,Children's Music,4,,,
Austin Mahone,Electronic,7,,,
Austin Mahone,Pop,14,,,
Austin Mahone,Soundtrack,16,,,
Austin Wintory,Soundtrack,16,,,
Avens,Hip Hop,18,,,
Avens,Rap,18,,,
Avicii,Dance,17,,,
Axero,Dance,17,,,
Ayer,R&B,15,,,
Ayer,Soul,15,,,
B.B. King,Blues,2,,,
B.o.B,Pop,14,,,
B.o.B,Hip Hop,18,,,
B.o.B,Rap,18,,,
BÌ÷RNS,Alternative,20,,,
Babyface,Pop,14,,,
Babyface,Rock,21,,,
Babyface,J-Pop,27,,,
Babyface,Singer,10,,,
Babyface,R&B,15,,,
Babyface,Songwriter,10,,,
Babyface,Soul,15,,,
Bakermat,Dance,17,,,
Baptiste Giabiconi,Pop,14,,,
Barely Alive,Electronic,7,,,
Basshunter,Dance,17,,,
Bassjackers,Dance,17,,,
Beck,Alternative,20,,,
Beck,Rock,21,,,
Beck,Christian & Gospel,22,,,
Beck,Singer,10,,,
Beck,Songwriter,10,,,
Bergs,Electronic,7,,,
Bertie Higgins,Pop,14,,,
Big Sean,Hip Hop,18,,,
Big Sean,Rap,18,,,
Bigbang,Rock,21,,,
Billy Joel,Rock,21,,,
Bipolar Sunshine,Alternative,20,,,
Blackmill,Electronic,7,,,
Blake Shelton,Country,6,,,
BlasterJaxx,Dance,17,,,
Blue Stahli,Electronic,7,,,
Bob Dylan,Blues,2,,,
Bob Dylan,Rock,21,,,
Bob Marley,Reggae,24,,,
Bobby Shmurda,Hip Hop,18,,,
Bobby Shmurda,Rap,18,,,
Bobby Solo,Pop,14,,,
Bobby Tinsley,R&B,15,,,
Bobby Tinsley,Soul,15,,,
Bodhi Jones,Pop,14,,,
Bodybangers,Dance,17,,,
Boehm,Dance,17,,,
Borgeous,Dance,17,,,
Boyce Avenue,Singer,1160,,,
Boyce Avenue,Singer,10,,,
Boyce Avenue,Songwriter,1160,,,
Boyce Avenue,Songwriter,10,,,
Brad Paisley,Country,6,,,
Braken,Dance,17,,,
Brandon Beal,Pop,14,,,
Brandon Heath,Christian & Gospel,22,,,
Brazzaville,Rock,21,,,
Brenton Mattheus,Electronic,7,,,
Brian Crain,Classical,5,,,
Brian Crain,Country,6,,,
Brian Culbertson,Jazz,11,,,
Brian McKnight,Rock,21,,,
Brian McKnight,R&B,15,,,
Brian McKnight,Soul,15,,,
Brian Tyler,Soundtrack,16,,,
Bruce Springsteen,Pop,14,,,
Bruce Springsteen,Rock,21,,,
Bruno Coulais,Pop,14,,,
Bruno Coulais,Soundtrack,16,,,
Bruno Mars,Pop,14,,,
Bryan Adams,Soundtrack,16,,,
Bryan Adams,Rock,21,,,
Bryson Andres,Pop,14,,,
Bryson Tiller,R&B,15,,,
Bryson Tiller,Soul,15,,,
BT,Electronic,7,,,
BT,Pop,14,,,
BT,Dance,17,,,
BT,Techno,1050,,,
BT,Trance,1051,,,
Buckethead,Pop,14,,,
Buckethead,Instrumental,53,,,
Buddy Guy,Blues,2,,,
Built By Titan,Electronic,7,,,
Busta Rhymes,Hip Hop,18,,,
Busta Rhymes,Rap,18,,,
C418,Electronic,7,,,
Cali,Pop,14,,,
Cali,Rock,21,,,
Cali,French Pop,50000064,,,
Cali,Hip Hop,18,,,
Cali,Rap,18,,,
Calvin Harris,Pop,14,,,
Calvin Harris,Dance,17,,,
Calvin Harris,Rock,21,,,
Calvin Harris,House,1048,,,
Carlos Santana,Rock,21,,,
Carlprit,Dance,17,,,
Carter Burwell,Pop,14,,,
Carter Burwell,Soundtrack,16,,,
Cedric Gervais,Dance,17,,,
CeeLo Green,Pop,14,,,
Celldweller,Electronic,7,,,
Charlie Puth,Pop,14,,,
Charlie Wilson,Pop,14,,,
Charlie Wilson,R&B,15,,,
Charlie Wilson,Soul,15,,,
Chet Atkins,Christmas,1080,,,
Chet Atkins,Country,6,,,
Chet Baker,Jazz,11,,,
Chicane,Dance,17,,,
Chicane,Rock,21,,,
Chris Botti,Jazz,11,,,
Chris Brown,Electronic,7,,,
Chris Brown,Pop,14,,,
Chris Brown,Soundtrack,16,,,
Chris Brown,Dance,17,,,
Chris Brown,Alternative,20,,,
Chris Brown,Rock,21,,,
Chris Brown,R&B,15,,,
Chris Brown,Hip Hop,18,,,
Chris Brown,Soul,15,,,
Chris Brown,Rap,18,,,
Chris Garneau,Alternative,20,,,
Chris Lake,Electronic,7,,,
Chris Lake,Dance,17,,,
Chris Medina,Pop,14,,,
Chris Rice,Pop,14,,,
Chris Rice,Alternative,20,,,
Chris Rice,Christian & Gospel,22,,,
Chris Thrace,Dance,17,,,
Chris Young,Country,6,,,
Chris Young,Electronic,7,,,
Chris Young,Rock,21,,,
Chris Young,Hip Hop,18,,,
Chris Young,Rap,18,,,
Christophe Beck,Soundtrack,16,,,
Christopher,Blues,2,,,
Christopher,Pop,14,,,
Christopher,Rock,21,,,
Christopher,Christian & Gospel,22,,,
Christopher,Instrumental,53,,,
Chuck Berry,Pop,14,,,
Chuck Berry,Rock,21,,,
Chuck Berry,Oldies,1293,,,
CHUCKIE,Dance,17,,,
CHUCKIE,Hip Hop,18,,,
CHUCKIE,Rap,18,,,
Civalias,Rock,21,,,
ClÌ©ment Bcx,Dance,17,,,
Claude Debussy,Classical,5,,,
Claude Debussy,Soundtrack,16,,,
Claydee,Dance,17,,,
Cliff Lin,Rock,21,,,
Clint Mansell,Soundtrack,16,,,
CMA,Electronic,7,,,
CMA,Hip Hop,18,,,
CMA,Rap,18,,,
Cody Simpson,Pop,14,,,
Coleman Hell,Alternative,20,,,
Collin McLoughlin,Pop,14,,,
Conor Maynard,Pop,14,,,
Conrad Sewell,Pop,14,,,
Conrank,Electronic,7,,,
Contiez,Dance,17,,,
Coolio,Rock,21,,,
Coolio,Hip Hop,18,,,
Coolio,Rap,18,,,
Cosmo Sheldrake,Alternative,20,,,
Coyote Kisses,Electronic,7,,,
Craig David,Rock,21,,,
Craig David,R&B,15,,,
Craig David,Soul,15,,,
Cristian Marchi,Dance,17,,,
Cro,Dance,17,,,
Cro,Singer,10,,,
Cro,Hip Hop,18,,,
Cro,Songwriter,10,,,
Cro,Rap,18,,,
Crywolf,Electronic,7,,,
_Õ_ü„â_¡„Å,Pop,14,,,
_Õ_¡_È_µ__„â_ü__ _Á„â„Û„Ü___¡_È__,Pop,14,,,
Daddy Yankee,Latin Urban,1119,,,
Daddy Yankee,Latin,12,,,
DallasK,Dance,17,,,
Damien Rice,Pop,14,,,
Damien Rice,Singer,10,,,
Damien Rice,Songwriter,10,,,
Daniel Powter,Pop,14,,,
Dannic,Dance,17,,,
Danny Avila,Dance,17,,,
Danny Elfman,Soundtrack,16,,,
Darin,Pop,14,,,
Darren Hayes,Pop,14,,,
Darren Hayes,Rock,21,,,
Dash Berlin,Dance,17,,,
Dave Koz,Jazz,11,,,
David Arnold,Children's Music,4,,,
David Arnold,Soundtrack,16,,,
David Arnold,Standup Comedy,1171,,,
David Bowie,Pop,14,,,
David Bowie,Alternative,20,,,
David Bowie,Rock,21,,,
David Bowie,TV Soundtrack,1172,,,
David Garrett,Classical,5,,,
David Garrett,Pop,14,,,
David Guetta,Electronic,7,,,
David Guetta,Dance,17,,,
David Guetta,Rock,21,,,
David Lanz,New Age,13,,,
David Nevue,New Age,13,,,
Dawin,Pop,14,,,
deadmau5,Electronic,7,,,
deadmau5,Dance,17,,,
deadmau5,House,1048,,,
Dec3mber,Electronic,7,,,
Declan Galbraith,Pop,14,,,
Dennis Kuo,Classical,5,,,
Denny White,Pop,14,,,
Deorro,Dance,17,,,
Deutschland sucht den Superstar,Pop,14,,,
Different Heaven,Dance,17,,,
Dillon Francis,Dance,17,,,
Dima Bilan,Pop,14,,,
Dina Vass & Whipped Creem,Dance,17,,,
Dirk Reichardt,Relaxation,1129,,,
Dirty South,Comedy,3,,,
Dirty South,Electronic,7,,,
Dirty South,Pop,14,,,
Dirty South,Dance,17,,,
Dirty South,House,1048,,,
Distrion,Dance,17,,,
DJ Antoine,Dance,17,,,
DJ Antoine,Rock,21,,,
DJ Maxwell,Dance,17,,,
DJ Sly,Dance,17,,,
DJ Snake,Dance,17,,,
DJ Snake,Hip Hop,18,,,
DJ Snake,Rap,18,,,
Dogena,Dance,17,,,
Dogg Master,Hip Hop,18,,,
Dogg Master,Rap,18,,,
Don Diablo,Dance,17,,,
Don Mclean,Pop,14,,,
Don Mclean,Alternative,20,,,
Don Mclean,Rock,21,,,
Don Mclean,Oldies,1293,,,
Don Omar,Latin Urban,1119,,,
Don Omar,Reggae,24,,,
Don Williams,Country,6,,,
Don Williams,Pop,14,,,
Dr. Dre,Pop,14,,,
Dr. Dre,Hip Hop,18,,,
Dr. Dre,Rap,18,,,
Drake,Electronic,7,,,
Drake,Pop,14,,,
Drake,Dance,17,,,
Drake,Vocal,23,,,
Drake,Heavy Metal,1153,,,
Drake,Hip Hop,18,,,
Drake,Rap,18,,,
Dzeko & Torres,Dance,17,,,
East Side Beat,Dance,17,,,
Echos,Electronic,7,,,
Ed Harcourt,Alternative,20,,,
Ed Sheeran,Singer,10,,,
Ed Sheeran,Songwriter,10,,,
Ed Zealous,Electronic,7,,,
Eddie Meduza,Pop,14,,,
Eddie Vedder,Rock,21,,,
Eddy Wata,Dance,17,,,
Edward Maya,Dance,17,,,
EDX,Dance,17,,,
Egil Olsen,Alternative,20,,,
Eh!de,Electronic,7,,,
Electric Joy Ride,House,1048,,,
Electus,Electronic,7,,,
Elektronomia,Electronic,7,,,
Elephante,House,1048,,,
Elephante,Heavy Metal,1153,,,
Elephante,Electronic,7,,,
Elephante,Dance,17,,,
Eli Lieb,Pop,14,,,
Elliott Smith,Alternative,20,,,
Elliott Yamin,R&B,15,,,
Elliott Yamin,Soul,15,,,
Elmer Bernstein,Pop,14,,,
Elmer Bernstein,Soundtrack,16,,,
Elton John,Pop,14,,,
Elvis Costello,Alternative,20,,,
Elvis Costello,Rock,21,,,
Elvis Presley,Pop,14,,,
Emancipator,Electronic,7,,,
Eminem,Fitness & Workout,50,,,
Eminem,Hip Hop,18,,,
Eminem,Rap,18,,,
Endless Melancholy,Classical,5,,,
Engelbert Humperdinck,Classical,5,,,
Engelbert Humperdinck,Jazz,11,,,
Engelbert Humperdinck,Pop,14,,,
Engelbert Humperdinck,Vocal,23,,,
Engelbert Humperdinck,Easy Listening,25,,,
Engelbert Humperdinck,Baladas y Boleros,1120,,,
Enigma,Rap,1076,,,
Enigma,Pop,14,,,
Enio Morricone,Classical,5,,,
Enio Morricone,Pop,14,,,
Enrique Iglesias,Latin,12,,,
Enrique Iglesias,Pop,14,,,
ENV,Dance,17,,,
Eric Church,Country,6,,,
Eric Church,Pop,14,,,
Eric Clapton,Rock,21,,,
Eric Prydz,Dance,17,,,
Eric Saade,Pop,14,,,
Eric Serra,Soundtrack,16,,,
Eric Turner,Dance,17,,,
Erik Ekholm,Soundtrack,16,,,
Erik GrÌ_nwall,Rock,21,,,
Erik Satie,Classical,5,,,
Erik Satie,Jazz,11,,,
Erik Satie,Instrumental,53,,,
Ernesto Cortazar,Classical,5,,,
Ernesto Cortazar,World,19,,,
ESTA.,R&B,15,,,
ESTA.,Soul,15,,,
Evocativ,Electronic,7,,,
Example,Pop,14,,,
Example,Dance,17,,,
Example,Reggae,24,,,
Example,House,1048,,,
Example,Hip Hop,18,,,
Example,Rap,18,,,
Extra Terra,Electronic,7,,,
Fabian Mazur,Dance,17,,,
Fabolous,Hip Hop,18,,,
Fabolous,Rap,18,,,
Fabrizio Paterlini,Classical,5,,,
Fafaq,Dance,17,,,
Far East Movement,Dance,17,,,
Far Too Loud,Dance,17,,,
Fareoh,Dance,17,,,
Farruko,Latin Urban,1119,,,
Fat Joe,Pop,14,,,
Fat Joe,Hip Hop,18,,,
Fat Joe,Rap,18,,,
Fatih ErkoÌ_,Pop,14,,,
Fatman Scoop,Pop,14,,,
Faul,Dance,17,,,
Faux Tales,Pop,14,,,
Faxo,Pop,14,,,
Faydee,Pop,14,,,
Fedde le Grand,Dance,17,,,
Feed Me,Dance,17,,,
Feenixpawl,Dance,17,,,
Felix Jaehn,Dance,17,,,
Felix Mendelssohn,Classical,5,,,
Ferhat GÌ_Ì_er,Pop,14,,,
Ferras,Pop,14,,,
Ferry Corsten,Electronic,7,,,
Ferry Corsten,Dance,17,,,
Fetty Wap,Hip Hop,18,,,
Fetty Wap,Rap,18,,,
Finale,Soundtrack,16,,,
Finale,Hip Hop,18,,,
Finale,Rap,18,,,
Five for Fighting,Alternative,20,,,
FKJ,Electronic,7,,,
Flo Rida,Hip Hop,18,,,
Flo Rida,Rap,18,,,
Florian Bur,Instrumental,53,,,
Florian Picasso,Dance,17,,,
Flume,Electronic,7,,,
Flume,Pop,14,,,
Flume,Alternative,20,,,
Flume,House,1048,,,
Fox Stevenson,Dance,17,,,
Francesco Yates,Pop,14,,,
Francis Lai,Pop,14,,,
Francis Lai,Soundtrack,16,,,
Francis Lai,World,19,,,
Francois Feldman,French Pop,50000064,,,
Frank Klepacki,Soundtrack,16,,,
Frank Ocean,Pop,14,,,
Frank Sinatra,Vocal,23,,,
Franz Joseph Haydn,Classical,5,,,
Franz Liszt,Classical,5,,,
Franz Schubert,Classical,5,,,
Franzl Lang,Europe,1205,,,
Franzl Lang,Classical,5,,,
Freddie Joachim,Hip Hop,18,,,
Freddie Joachim,Rap,18,,,
French Montana,Hip Hop,18,,,
French Montana,Rap,18,,,
Frontliner,Dance,17,,,
FTampa,Dance,17,,,
Full Tilt,Soundtrack,16,,,
Furns,Pop,14,,,
Future of Forestry,Rock,21,,,
Future World Music,Soundtrack,16,,,
G-Eazy,Pop,14,,,
G-Eazy,Hip Hop,18,,,
G-Eazy,Rap,18,,,
GÌ_khan Ì_zen,Pop,14,,,
GÌ_khan TÌ_rkmen,Pop,14,,,
GÌ©rard Darmon,Rock,21,,,
GÌ©rard Darmon,French Pop,50000064,,,
GÌ_lÅÙen,Pop,14,,,
Gabriel Rios,Pop,14,,,
Gabry Ponte,Dance,17,,,
Galen Crew,Pop,14,,,
Galimatias,Electronic,7,,,
Gallant,Electronic,7,,,
Gallant,R&B,15,,,
Gallant,Soul,15,,,
Gareth Coker,Soundtrack,16,,,
Gareth Emery,Dance,17,,,
Gareth Gates,Pop,14,,,
Garou,French Pop,50000064,,,
Garth Brooks,Country,6,,,
Garth Brooks,Karaoke,52,,,
Gary Barlow,Pop,14,,,
Gavin DeGraw,Pop,14,,,
Gavin DeGraw,Rock,21,,,
Gene Kelly,Vocal,23,,,
George Benson,Vocal,23,,,
George Ezra,Alternative,20,,,
George Ezra,Singer,10,,,
George Ezra,Songwriter,10,,,
George Harrison,Pop,14,,,
George Harrison,Soundtrack,16,,,
George Harrison,Rock,21,,,
George Harrison,Pop,14,,,
George Harrison,Soundtrack,16,,,
George Harrison,Rock,21,,,
George Michael,Pop,14,,,
George Michael,Rock,21,,,
George Nozuka,Pop,14,,,
George Winston,Country,6,,,
George Winston,New Age,13,,,
George Winston,Christmas,1080,,,
Georges Bizet,Classical,5,,,
Germany Germany,Electronic,7,,,
Gheorghe Zamfir,Classical,5,,,
Gheorghe Zamfir,Pop,14,,,
Gil Shaham,Classical,5,,,
Gil Shaham,Rock,21,,,
Gin Blossoms,Rock,21,,,
Giraffage,Electronic,7,,,
Glen Hansard,Alternative,20,,,
Glenn Frey,Country,6,,,
Glenn Frey,Pop,14,,,
Glenn Gould,Classical,5,,,
Glenn Stafford,Soundtrack,16,,,
Gnash,Alternative Rap,1068,,,
Gnash,Pop,14,,,
Gothic Storm,Instrumental,53,,,
Gotye,Alternative,20,,,
GOVI,New Age,13,,,
GOVI,Dance,17,,,
Gowe,Hip Hop,18,,,
Gowe,Rap,18,,,
Grandtheft,Dance,17,,,
Grant-Lee Phillips,Electronic,7,,,
Grant-Lee Phillips,Rock,21,,,
Green Velvet,Dance,17,,,
Green Velvet,Rock,21,,,
Greg Laswell,Singer,10,,,
Greg Laswell,Songwriter,10,,,
Gregor Salto,Dance,17,,,
Greyson Chance,Pop,14,,,
Gui Boratto,Electronic,7,,,
Gui Boratto,Soundtrack,16,,,
Guido Negraszus,Electronic,7,,,
Gustavo Santaolalla,Latin,12,,,
Gustavo Santaolalla,Soundtrack,16,,,
Guy Sebastian,Pop,14,,,
Habstrakt,Electronic,7,,,
Haddaway,Electronic,7,,,
Haddaway,Pop,14,,,
Halil Sezai,World,19,,,
Halvorsen,Dance,17,,,
Hampenberg,Dance,17,,,
Hank Williams,Country,6,,,
Hannes Wader,Pop,14,,,
Hannes Wader,Singer,10,,,
Hannes Wader,Songwriter,10,,,
Hans Zimmer,Soundtrack,16,,,
HÌÏGO,World,19,,,
HÌÏGO,Alternative,20,,,
HÌÏGO,French Pop,50000064,,,
HÌÏGO,Afrikaans,1281,,,
Hardwell,Dance,17,,,
Hargulf,Dance,17,,,
Haris Pilton & Gypsy Soundsystem,Downtempo,1057,,,
"Harry Connick, Jr.",Vocal,23,,,
Harry Gregson-Williams,Pop,14,,,
Harry Gregson-Williams,Soundtrack,16,,,
Harry Nilsson,Pop,14,,,
Havana,Dance,17,,,
Haywyre,Dance,17,,,
Headhunterz,Dance,17,,,
Heatbeat,Trance,1051,,,
Heitor Pereira,Soundtrack,16,,,
Henri Salvador,Jazz,11,,,
Henry Fong,Electronic,100007,,,
Henry Fong,Electronic,7,,,
Henry Jackman,Soundtrack,16,,,
Henry John Morgan,Dance,17,,,
Henry Mancini,New Age,13,,,
Henry Mancini,Soundtrack,16,,,
Herbert von Karajan,Classical,5,,,
Herbie Hancock,Jazz,11,,,
Hermitude,Electronic,7,,,
Hiatus,Electronic,7,,,
Hillsong Worship,Christian & Gospel,22,,,
Himmel,Hip Hop,18,,,
Himmel,Rap,18,,,
Hitimpulse,Dance,17,,,
Hobbie Stuart,Pop,14,,,
HONNE,Alternative,20,,,
Hoodie Allen,Hip Hop,18,,,
Hoodie Allen,Rap,18,,,
Hook N Sling,Dance,17,,,
Hossam Ramzy,Classical,5,,,
Hossam Ramzy,New Age,13,,,
Hossam Ramzy,World,19,,,
Howard Shore,New Age,13,,,
Howard Shore,Soundtrack,16,,,
Hozier,Alternative,20,,,
Hucci,Alternative,20,,,
Hudson Mohawke,Electronic,7,,,
Hugh Grant,Soundtrack,16,,,
Hugh Jackman,Vocal,23,,,
Hunter Hayes,Country,6,,,
HVOB,Electronica,1058,,,
Hyper Potions,Dance,17,,,
iAmDLOW,Hip-Hop,1073,,,
iAmDLOW,Dance,17,,,
IAMNOBODI,Hip Hop,18,,,
IAMNOBODI,Rap,18,,,
Iamsu!,Hip Hop,18,,,
Iamsu!,Rap,18,,,
Ibranovski,Dance,17,,,
Ice Cube,Hip Hop,18,,,
Ice Cube,Rap,18,,,
Ice MC,Dance,17,,,
Ice MC,Rock,21,,,
IceJJFish,R&B,15,,,
IceJJFish,Soul,15,,,
idenline,Electronic,7,,,
Iggy Pop,Rock,21,,,
Igor Graphite,Electronic,7,,,
Igor Stravinsky,Classical,5,,,
Ilan Bluestone,Trance,1051,,,
Ilan Bluestone,Dance,17,,,
Ilan Eshkeri,Soundtrack,16,,,
ill.gates,Dubstep,100014,,,
Illenium,Dance,17,,,
Immediate Music,Soundtrack,16,,,
Inexus,Dance,17,,,
Ingram Washington,Jazz,11,,,
Inon Zur,Soundtrack,16,,,
Insan3lik3,Dance,17,,,
Inspir,Dance,17,,,
INSTRUM,Dance,17,,,
Instrumental Core,Electronic,7,,,
Iron & Wine,Alternative,20,,,
Isaac,Pop,14,,,
Isaac,Dance,17,,,
Isaac,Rock,21,,,
Isaac Hayes,Rock,21,,,
Isaac Hayes,R&B,15,,,
Isaac Hayes,Soul,15,,,
Isaac Sakima,Pop,14,,,
Isaac Shepard,Easy Listening,25,,,
Isac Elliot,Pop,14,,,
Itro,Dance,17,,,
Ivan Lins,Latin,12,,,
Ivan Lins,Brazilian,1122,,,
Iver Kleive,Classical,5,,,
Iwan Rheon,Singer,10,,,
Iwan Rheon,Songwriter,10,,,
Iyaz,Pop,14,,,
IYFFE,Dance,17,,,
J. Cole,Hip Hop,18,,,
J. Cole,Rap,18,,,
Jack Johnson,Pop,14,,,
Jack Johnson,Dance,17,,,
Jack Johnson,Rock,21,,,
Jack Johnson,Roots Rock,1159,,,
Jack Johnson,Ska,1194,,,
Jacoo,Electronic,7,,,
JaíÅnos Starker,Classical,5,,,
Jake Miller,Pop,14,,,
Jake Miller,Dance,17,,,
Jake Miller,Rock,21,,,
Jake Miller,Hip Hop,18,,,
Jake Miller,Rap,18,,,
James Blunt,Pop,14,,,
James Blunt,Rock,21,,,
James Horner,Pop,14,,,
James Horner,Soundtrack,16,,,
James Newton Howard,Soundtrack,16,,,
James Newton Howard,Rock,21,,,
Jamie Foxx,Pop,14,,,
Jamie Foxx,Hip Hop,18,,,
Jamie Foxx,Rap,18,,,
Jamillions,R&B,15,,,
Jamillions,Soul,15,,,
Janji,Electronic,7,,,
Jason Derulo,Pop,14,,,
Jason Mraz,Pop,14,,,
Jason Mraz,Alternative,20,,,
Jasper Forks,Dance,17,,,
Jay Hardway,Dance,17,,,
Jay Sean,Pop,14,,,
Jay Sean,Rock,21,,,
Jay Sean,Bollywood,1263,,,
Jay Sean,R&B,15,,,
Jay Sean,Soul,15,,,
Jay-Z,Hip Hop,18,,,
Jay-Z,Rap,18,,,
Jeff Bernat,R&B,15,,,
Jeff Bernat,Soul,15,,,
Jeff Williams,Soundtrack,16,,,
Jeremih,R&B,15,,,
Jeremih,Soul,15,,,
Jeremy Lim,Electronic,7,,,
Jeremy Soule,Soundtrack,1169,,,
Jesper Kyd,Soundtrack,16,,,
Jesse McCartney,Pop,14,,,
Jim Brickman,New Age,13,,,
Jim Yosef,Dance,17,,,
Joel Hanson,Holiday,8,,,
Johann Sebastian Bach,Classical,5,,,
John Denver,Country,6,,,
John Dreamer,Instrumental,53,,,
John H. Clarke,Electronic,7,,,
John Legend,Hip Hop,18,,,
John Legend,Rap,18,,,
John Lennon,Rock,21,,,
John Mayer,Jazz,11,,,
John Newman,Country,6,,,
John Newman,Pop,14,,,
John Newman,Dance,17,,,
John Newman,Soundtrack,1169,,,
John Powell,Soundtrack,16,,,
John Powell,Alternative,20,,,
John Stanford,Soundtrack,16,,,
John The Whistler,Dance,17,,,
John Williams,Classical,5,,,
John Williams,Soundtrack,16,,,
John Williams,World,19,,,
Johnny Cash,Country,6,,,
Johnny Cash,Holiday,8,,,
Johnny Cash,Pop,14,,,
Johnny Cash,Rock,21,,,
Johnny Cash,Christmas,1080,,,
Johnny Cash,Rock & Roll,1157,,,
Jon Bellion,Pop,14,,,
Jon Schmidt,Instrumental,53,,,
Josh Turner,Country,6,,,
Josh Turner,Pop,14,,,
Josh Turner,Alternative,20,,,
Josh Vietti,Pop,14,,,
Joshua Radin,Alternative,20,,,
Joshua Radin,Rock,21,,,
Joshua Radin,Singer,10,,,
Joshua Radin,Songwriter,10,,,
Juicy J,Hip Hop,18,,,
Juicy J,Rap,18,,,
Justin Bieber,Pop,14,,,
Justin Timberlake,Pop,14,,,
K-391,Electronic,7,,,
K'naan,Hip Hop,18,,,
K'naan,Rap,18,,,
Kaaze,Dance,17,,,
Kae Sun,Alternative,20,,,
Kanye West,Hip Hop,18,,,
Kanye West,Rap,18,,,
Kardinal Offishall,Hip Hop,18,,,
Kardinal Offishall,Rap,18,,,
Karlk,Dance,17,,,
Karunesh,New Age,13,,,
Kasger,Electronic,7,,,
Kaskade,Dance,17,,,
Kay B,Indian Pop,1185,,,
Kay B,R&B,15,,,
Kay B,Hip Hop,18,,,
Kay B,Soul,15,,,
Kay B,Rap,18,,,
KDA,Electronic,7,,,
KDA,Dance,17,,,
KDA,House,1048,,,
KDrew,Dance,17,,,
Keen'V,Dance,17,,,
Keith Urban,Country,6,,,
Kendji Girac,French Pop,50000064,,,
Kendrick Lamar,Hip Hop,18,,,
Kendrick Lamar,Rap,18,,,
Kenny Chesney,Country,6,,,
Kenny G,Jazz,11,,,
Kenny G,Pop,14,,,
Kenny G,Easy Listening,25,,,
Kenny Rogers,Country,6,,,
Kenny Rogers,Pop,14,,,
Kero One,Rock,21,,,
Kero One,Hip Hop,18,,,
Kero One,Rap,18,,,
Kevin Drew,Electronic,7,,,
Kevin Garrett,Pop,14,,,
kevin gates,Hip Hop,18,,,
kevin gates,Rap,18,,,
Kevin Kern,New Age,13,,,
Kid Cudi,Hip Hop,18,,,
Kid Cudi,Rap,18,,,
Kid Ink,Hip Hop,18,,,
Kid Ink,Rap,18,,,
Killigrew,Electronic,7,,,
Kim Cesarion,Pop,14,,,
Kim Wilde,Pop,14,,,
Kim Wilde,Dance,17,,,
Kjartan Salvesen,Pop,14,,,
Klaus Badelt,Soundtrack,16,,,
Klave,Dance,17,,,
Kondor,Hip Hop,18,,,
Kondor,Rap,18,,,
Kool Moe Dee,Hip Hop,18,,,
Kool Moe Dee,Rap,18,,,
Kostas Martakis,Pop,14,,,
Kraddy,Electronic,7,,,
Krale,Electronic,7,,,
KReeD,Dance,17,,,
Kris Allen,Jazz,11,,,
Kris Allen,Pop,14,,,
Kris Kristofferson,Country,6,,,
Kris Kristofferson,Rock,21,,,
KSHMR,Dance,17,,,
Kuma,Electronic,7,,,
Kumar Sanu,World,19,,,
Kurt Cobain,Rock,21,,,
Kurt Hugo Schneider,Singer,10,,,
Kurt Hugo Schneider,Songwriter,10,,,
Kutsi,Pop,14,,,
Kygo,Dance,17,,,
Labrinth,Pop,14,,,
Labrinth,World,19,,,
Labrinth,House,1048,,,
Laidback Luke,Electronic,7,,,
Laidback Luke,Dance,17,,,
Lalo Schifrin,Jazz,11,,,
LarsM,Electronic,7,,,
Lasse Lindh,Pop,14,,,
Laszlo,Dance,17,,,
Laurent Korcia,Classical,5,,,
Lauv,Electronic,7,,,
Lauv,Jazz,11,,,
Lauv,Pop,14,,,
Lauv,Dance,17,,,
LAXX,Electronic,7,,,
Lenny Kravitz,Rock,21,,,
Lenny Kravitz,Hip Hop,18,,,
Lenny Kravitz,Rap,18,,,
Lensko,Dance,17,,,
Leo Kalyan,Electronic,7,,,
Leo Rojas,Pop,14,,,
Leo Sayer,Pop,14,,,
Leo Sayer,Rock,21,,,
Leon Else,Pop,14,,,
Leonard Bernstein,Classical,5,,,
Leonard Bernstein,Jazz,11,,,
Leonard Cohen,Rock,21,,,
Leonard Cohen,Singer,10,,,
Leonard Cohen,Songwriter,10,,,
Leopold Mozart,Classical,5,,,
Lexxmatiq,Electronica,1058,,,
Lights & Motion,Rock,21,,,
Lil Jon,Hip Hop,18,,,
Lil Jon,Rap,18,,,
lil wayne,House,1048,,,
lil wayne,Hip Hop,18,,,
lil wayne,Rap,18,,,
Lindequist,Electronic,7,,,
Lionel Richie,R&B,15,,,
Lionel Richie,Soul,15,,,
Liquid Cinema,Soundtrack,16,,,
Lo-Fang,Alternative,20,,,
Loch,Electronic,7,,,
Lock N Bounce,Electronic,7,,,
Logic,Hip-Hop,1073,,,
Logic,Hip Hop,18,,,
Logic,Rap,18,,,
LooKas,Electronic,7,,,
Lorne Balfe,Soundtrack,16,,,
Lost Frequencies,Dance,17,,,
Lostboycrow,Pop,14,,,
Lou Bega,Pop,14,,,
Lou Reed,Rock,21,,,
Louie Austen,Electronic,7,,,
Louis Armstrong,Jazz,11,,,
Lucenzo,Dance,17,,,
Luciano Pavarotti,Opera,1028,,,
Ludacris,Hip Hop,18,,,
Ludacris,Rap,18,,,
Ludovico Einaudi,Classical,5,,,
Ludovico Einaudi,World,19,,,
Luke Bryan,Country,6,,,
Luke Bryan,Rock,21,,,
Luke Thompson,Pop,14,,,
Luke Thompson,Dance,17,,,
LunchMoney Lewis,Pop,14,,,
Lupe Fiasco,R&B,15,,,
Lupe Fiasco,Hip Hop,18,,,
Lupe Fiasco,Soul,15,,,
Lupe Fiasco,Rap,18,,,
Luther Vandross,Pop,14,,,
Luther Vandross,R&B,15,,,
Luther Vandross,Soul,15,,,
M83,Rock,21,,,
MaÌ¨tre Gims,Hip Hop,18,,,
MaÌ¨tre Gims,Rap,18,,,
Macklemore,Hip Hop,18,,,
Macklemore,Rap,18,,,
Madeon,Dance,17,,,
Maher Zain,Islamic,1287,,,
MAKJ,Dance,17,,,
Maksim Mrvica,Instrumental,53,,,
Manian,Dance,17,,,
Maor Levi,Dance,17,,,
Marc Terenzi,Pop,14,,,
Marcus Mouya,Electronic,7,,,
Mark Petrie,Soundtrack,16,,,
Mark Ronson,Pop,14,,,
Mark Ronson,Rock,21,,,
Mark Ronson,Hip Hop,18,,,
Mark Ronson,Rap,18,,,
Martin Garrix,Dance,17,,,
Martin Solveig,Pop,14,,,
Martin Tungevaag,Dance,17,,,
Martynas,Classical,5,,,
Marvin Gaye,Rock,21,,,
Marvin Gaye,R&B,15,,,
Marvin Gaye,Soul,15,,,
Matisyahu,Reggae,24,,,
Matt B,R&B,15,,,
Matt B,Soul,15,,,
Matthew Koma,Pop,14,,,
Matthew Lien,New Age,13,,,
MAX,Pop,14,,,
Maximilian Hecker,Pop,14,,,
Meek Mill,Hip Hop,18,,,
Meek Mill,Rap,18,,,
Mehmet Erdem,Pop,14,,,
Mendum,Dance,17,,,
Metrognome,Electronic,7,,,
MGK,Pop,14,,,
Mich Gerber,World,19,,,
Michael Bolton,Pop,14,,,
Michael BublÌ©,Jazz,11,,,
Michael BublÌ©,Vocal,23,,,
Michael Giacchino,Soundtrack,16,,,
Michael Jackson,Pop,14,,,
Michael Jackson,Rock,21,,,
Miguel BosÌ©,Pop in Spanish,1117,,,
Miguel BosÌ©,Latin,12,,,
MIKA,Pop,14,,,
MIKA,Dance,17,,,
MIKA,World,19,,,
MIKA,Reggae,24,,,
MIKA,J-Pop,27,,,
MIKA,Brazilian,1122,,,
MIKA,Bollywood,1263,,,
MIKA,K-Pop,1686,,,
Mike Candys,Dance,17,,,
Mike Posner,Pop,14,,,
Milky Chance,Alternative,20,,,
MitiS,Dance,17,,,
Mohombi,Pop,14,,,
Monta,House,1048,,,
MOTi,Dance,17,,,
Mr. Probz,Hip Hop,18,,,
Mr. Probz,Rap,18,,,
Mustafa Ceceli,Pop,14,,,
NANA,Pop,14,,,
NANA,World,19,,,
NANA,Africa,1203,,,
Nanobii,Dance,17,,,
Nas,Trance,1051,,,
Nas,R&B,15,,,
Nas,Hip Hop,18,,,
Nas,Soul,15,,,
Nas,Rap,18,,,
Natan,R&B,15,,,
Natan,Soul,15,,,
Nate Dogg,Hip Hop,18,,,
Nate Dogg,Rap,18,,,
Nate Ruess,World,19,,,
Nate Ruess,Alternative,20,,,
Nathan Sykes,Pop,14,,,
Nathaniel,Electronic,7,,,
Nathaniel,Pop,14,,,
Nathaniel,Dance,17,,,
Nathaniel,R&B,15,,,
Nathaniel,Soul,15,,,
Naughty Boy,Pop,14,,,
Nause,Dance,17,,,
Ne-Yo,R&B,15,,,
Ne-Yo,Hip Hop,18,,,
Ne-Yo,Soul,15,,,
Ne-Yo,Rap,18,,,
Neil Davidge,Soundtrack,16,,,
Neil Diamond,Vocal,23,,,
Neil Halstead,Alternative,20,,,
Neil Young,Rock,21,,,
Nek,Pop,14,,,
Nek,Dance,17,,,
Nek,House,1048,,,
Nelly,Latin,12,,,
Nelly,Pop,14,,,
Nelly,Dance,17,,,
Nelly,House,1048,,,
Nelly,Techno,1050,,,
Nelly,Singer,10,,,
Nelly,Hip Hop,18,,,
Nelly,Songwriter,10,,,
Nelly,Rap,18,,,
Nelson Rangell,Jazz,11,,,
NEV,Rock,21,,,
NEV,Singer,10,,,
NEV,Songwriter,10,,,
Neville Marriner,Classical,5,,,
NGC 3.14,Electronic,7,,,
Niazura,Hip Hop,18,,,
Niazura,Rap,18,,,
Nicco,Dance,17,,,
Nicholas Gunn,New Age,13,,,
Nick Carter,Pop,14,,,
Nick Cave,Country,6,,,
Nick Cave,Alternative,20,,,
Nick Drake,Rock,21,,,
Nick Drake,Singer,10,,,
Nick Drake,IDM,1060,,,
Nick Drake,Songwriter,10,,,
Nick Drake,Experimental,1060,,,
Nick Jonas,Pop,14,,,
Nicky Jam,Dance,17,,,
Nicky Jam,Rock,21,,,
Nicky Jam,Latin Urban,1119,,,
Nicky Romero,Dance,17,,,
Nicolas de Angelis,Pop,14,,,
Nicolas ErrÌ¬ra,Soundtrack,16,,,
Nicolas ErrÌ¬ra,Rock,21,,,
Nigel Good,Dance,17,,,
Nigel Stanford,Electronic,7,,,
Night Terrors of 1927,Alternative,20,,,
Nightcall,Dubstep,100014,,,
Nils Frahm,Alternative,20,,,
Nino D'Angelo,Classical,5,,,
Nino D'Angelo,Pop,14,,,
Nino Rota,Pop,14,,,
Nitro Fun,Dance,17,,,
Noisecontrollers,Dance,17,,,
Novo Amor,Alternative,20,,,
NUAGE,Electronic,7,,,
Nyte,Dance,17,,,
Obie Trice,Hip Hop,18,,,
Obie Trice,Rap,18,,,
Ofenbach,Electronic,100007,,,
Ofenbach,Electronic,7,,,
OG Maco,Hip Hop,18,,,
OG Maco,Rap,18,,,
Oh No,Hip Hop,18,,,
Oh No,Rap,18,,,
Ola,Pop,14,,,
Ola,Dance,17,,,
Ola,World,19,,,
Ola,Rock,21,,,
Ola,House,1048,,,
Oli. P,Pop,14,,,
Oliver Cheatham,Pop,14,,,
Oliver Heldens,Dance,17,,,
Oliver Nelson,Blues,2,,,
Oliver Nelson,Jazz,11,,,
Oliver Shanti,New Age,13,,,
Oliver Tank,Electronic,7,,,
Olivver the Kid,Alternative,20,,,
Olly Alexander,Soundtrack,16,,,
Olly Murs,Pop,14,,,
OLWIK,Electronic,7,,,
Omar Akram,Latin,12,,,
Omarion,R&B,15,,,
Omarion,Hip Hop,18,,,
Omarion,Soul,15,,,
Omarion,Rap,18,,,
Omi,Pop,14,,,
Omi,Dance,17,,,
Omi,Karaoke,52,,,
Omi,House,1048,,,
Omi,Bollywood,1263,,,
Omnia,Pop,14,,,
Omnia,Trance,1051,,,
Omnia,Singer,10,,,
Omnia,Songwriter,10,,,
Onderkoffer,Dance,17,,,
Oneira,World,19,,,
Onra,Electronic,7,,,
Onra,R&B,15,,,
Onra,Soul,15,,,
Oorora,Dance,17,,,
Opiuo,Electronic,7,,,
Opiuo,Dance,17,,,
Orkestrated,Dance,17,,,
Orsten,Electronic,7,,,
Orsten,Pop,14,,,
Oscar Lopez,Latin,12,,,
Oscar Peterson,Jazz,11,,,
Oskar Schuster,Classical,5,,,
Otis Redding,R&B,15,,,
Otis Redding,Soul,15,,,
Ottmar Liebert,Latin,12,,,
Ottmar Liebert,New Age,13,,,
Otto Klemperer,Classical,5,,,
Otto Knows,Dance,17,,,
OVERWERK,Electronic,7,,,
Ozan Do€Ùulu,Pop,14,,,
Ozan KoÌ_er,Pop,14,,,
Ozark Henry,Pop,14,,,
Ozodbek Nazarbekov,Pop,14,,,
Ozymandias,Rock,21,,,
Ozzie,Downtempo,1057,,,
Ozzie,Electronic,7,,,
Ozzy Osbourne,Rock,21,,,
Pablo AlborÌÁn,Pop in Spanish,1117,,,
Pajaro Sunrise,Alternative,20,,,
Parov Stelar,Electronic,7,,,
Parson James,Pop,14,,,
Patrick Doyle,Classical,5,,,
Patrick Doyle,Soundtrack,16,,,
Paul Cardall,New Age,13,,,
Paul Desmond,Jazz,11,,,
Paul Desmond,Vocal,23,,,
Paul Mauriat,Pop,14,,,
Paul McCartney,Rock,21,,,
Paul Oakenfold,Electronic,7,,,
Paul Oakenfold,Pop,14,,,
Paul Simon,Jazz,11,,,
Paul Simon,Pop,14,,,
Paul van Dyk,Electronic,7,,,
Peabo Bryson,R&B,15,,,
Peabo Bryson,Soul,15,,,
Pegato,Electronic,7,,,
Pegboard Nerds,Dance,17,,,
Perry Como,Vocal,23,,,
Pete Seeger,Singer,10,,,
Pete Seeger,Songwriter,10,,,
Peter Bradley Adams,Singer,10,,,
Peter Bradley Adams,Songwriter,10,,,
Peter Hollens,Pop,14,,,
Peter Kater,Classical,5,,,
Peter Kater,New Age,13,,,
Pharrell Williams,Pop,14,,,
Pharrell Williams,Rock,21,,,
Phil Collins,Pop,14,,,
Phil Collins,Rock,21,,,
Phil Coulter,Pop,14,,,
Phil Coulter,World,19,,,
Philippe Rombi,Soundtrack,16,,,
Phillip Phillips,Pop,14,,,
Phlex,Electronic,7,,,
Piano Squall,Soundtrack,16,,,
Piano Tribute Conservatory,Tribute,100022,,,
Pitbull,Electronic,7,,,
Pitbull,Latin,12,,,
Pitbull,Pop,14,,,
Pitbull,Dance,17,,,
Pitbull,Hip Hop,18,,,
Pitbull,Rap,18,,,
Plan B,Latin,12,,,
Plan B,Dance,17,,,
Plan B,Alternative,20,,,
Plan B,Hip Hop,18,,,
Plan B,Rap,18,,,
Plug In Stereo,Alternative,20,,,
Poju,Pop,14,,,
Porter Robinson,Dance,17,,,
Post Malone,Hip Hop,18,,,
Post Malone,Rap,18,,,
Postiljonen,Pop,14,,,
Prince,Pop,14,,,
Prince,Rock,21,,,
Prince,J-Pop,27,,,
Prince,Hip Hop,18,,,
Prince,Rap,18,,,
Prince of Spain,Alternative,20,,,
Prince Royce,Salsa y Tropical,1124,,,
Puff Daddy,Hip Hop,18,,,
Puff Daddy,Rap,18,,,
Pure Music Fuel,Pop,14,,,
PureBells,Dance,17,,,
Pusha T,Hip Hop,18,,,
Pusha T,Rap,18,,,
Pyotr Ilyich Tchaikovsky,Classical,5,,,
Q-Tip,Hip Hop,18,,,
Q-Tip,Rap,18,,,
Qibe,Rock,21,,,
Qualia,Rock,21,,,
QUANTA,Electronic,7,,,
Quantic,Electronic,7,,,
Quasimoto,Electronic,7,,,
Quasimoto,Hip Hop,18,,,
Quasimoto,Rap,18,,,
Quattro,Rock,21,,,
Quatuor ÌäbÌ¬ne,Classical,5,,,
Quba,Breakbeat,1044,,,
Que Sylve,R&B,15,,,
Que Sylve,Soul,15,,,
Queen Ifrica,Reggae,24,,,
Queen of Hearts,Electronic,7,,,
Queensway,Electronic,7,,,
Quentin Harris,Dance,17,,,
Quentin Mosimann,Dance,17,,,
Question,R&B,15,,,
Question,Hip Hop,18,,,
Question,Soul,15,,,
Question,Rap,18,,,
Quetzatl,Electronic,7,,,
Quiet Life,Alternative,20,,,
Quilt,Alternative,20,,,
Quincy Jointz,Dance,17,,,
Quincy Jones,Jazz,11,,,
Quinn,Pop,14,,,
Quinn,Alternative,20,,,
Quinn,R&B,15,,,
Quinn,Soul,15,,,
Quinn Sullivan,Rock,21,,,
Quinteto Pirincho,Tango,1296,,,
Quintino,Dance,17,,,
Quique GonzÌÁlez,Alternative & Rock in Spanish,1121,,,
Quique Neira,Rock,21,,,
Quivver,Dance,17,,,
QUIX,Electronic,7,,,
Qwote,Dance,17,,,
R. Kelly,Pop,14,,,
R. Kelly,Rock,21,,,
R. Kelly,R&B,15,,,
R. Kelly,Hip Hop,18,,,
R. Kelly,Soul,15,,,
R. Kelly,Rap,18,,,
R.I.O.,Dance,17,,,
R3hab,Dance,17,,,
Rafet El Roman,Pop,14,,,
Rahat Fateh Ali Khan,Asia,1204,,,
Rahat Fateh Ali Khan,World,19,,,
Rameses B,Electronic,7,,,
Ramin Djawadi,Soundtrack,16,,,
Ramzi,R&B,15,,,
Ramzi,Hip Hop,18,,,
Ramzi,Soul,15,,,
Ramzi,Rap,18,,,
Randy Newman,Children's Music,4,,,
Randy Newman,Jazz,11,,,
Randy Newman,Pop,14,,,
Randy Newman,Rock,21,,,
Randy Newman,Christian & Gospel,22,,,
Randy Newman,Singer,10,,,
Randy Newman,Songwriter,10,,,
Ray Charles,R&B,15,,,
Ray Charles,Soul,15,,,
Ray Volpe,Dance,17,,,
Razihel,Dance,17,,,
Really Slow Motion,Soundtrack,16,,,
Redfoo,Pop,14,,,
Rhian Sheehan,Electronic,7,,,
RHODES,Pop,14,,,
Ricardo Arjona,Pop in Spanish,1117,,,
Rich Homie Quan,Hip Hop,18,,,
Rich Homie Quan,Rap,18,,,
Richard Clayderman,New Age,13,,,
Richard Clayderman,Pop,14,,,
Richard Hawley,Electronic,7,,,
Richard Hawley,Alternative,20,,,
Richard Marx,Pop,14,,,
Richard Sanderson,Pop,14,,,
Richard Sanderson,Soundtrack,16,,,
Richard Sanderson,Singer,10,,,
Richard Sanderson,Songwriter,10,,,
Rick Ross,Blues,2,,,
Rick Ross,Singer,10,,,
Rick Ross,Hip Hop,18,,,
Rick Ross,Songwriter,10,,,
Rick Ross,Rap,18,,,
Ricky Martin,Pop,14,,,
Rob Gasser,Dance,17,,,
Robbie Williams,New Age,13,,,
Robbie Williams,Pop,14,,,
Robbie Williams,Dance,17,,,
Robbie Williams,Rock,21,,,
Robbie Williams,Gospel,1101,,,
Robert Mendoza,Pop,14,,,
Roberto Cacciapaglia,Classical,5,,,
Robin Schulz,Dance,17,,,
Robin Thicke,Pop,14,,,
Robin Thicke,R&B,15,,,
Robin Thicke,Soul,15,,,
Robot Koch,Electronic,7,,,
Rod Stewart,Rock,21,,,
Roger Shah,Dance,17,,,
Roger Subirana,New Age,13,,,
Ron Korb,New Age,13,,,
Ron Korb,Pop,14,,,
Ronald Jenkees,Electronic,7,,,
Ronan Keating,Dance,17,,,
Rootkit,Dance,17,,,
Rosie Thomas,Children's Music,4,,,
Rosie Thomas,Alternative,20,,,
Rudebrat,Dance,17,,,
Russell Brower,Soundtrack,16,,,
Ryan Amon,Soundtrack,16,,,
Ryan Keen,Singer,10,,,
Ryan Keen,Songwriter,10,,,
Sage the Gemini,Hip Hop,18,,,
Sage the Gemini,Rap,18,,,
Sam Hunt,Country,6,,,
Sam Hunt,Pop,14,,,
Sam Hunt,Alternative,20,,,
Sam Smith,Blues,2,,,
Sam Smith,Classical,5,,,
Sam Smith,Electronic,7,,,
Sam Smith,Pop,14,,,
Sam Smith,Dance,17,,,
Sam Smith,Alternative,20,,,
Sam Tsui,Singer,10,,,
Sam Tsui,Songwriter,10,,,
San Holo,Dance,17,,,
Sander van Doorn,Dance,17,,,
ScHoolboy Q,Hip Hop,18,,,
ScHoolboy Q,Rap,18,,,
Scott Mckenzie,Pop,14,,,
Scott Mckenzie,Rock,21,,,
Seal,Pop,14,,,
Seal,Rock,21,,,
Seal,R&B,15,,,
Seal,Soul,15,,,
Sean Kingston,Pop,14,,,
Sean Lennon,Pop,14,,,
Sean Lennon,Rock,21,,,
Sean Paul,World,19,,,
Sean Paul,Reggae,24,,,
Sean Paul,Dirty South,1069,,,
Sean Paul,Hip Hop,18,,,
Sean Paul,Rap,18,,,
Selwyn,R&B,15,,,
Selwyn,Soul,15,,,
Serdar OrtaÌ_,Pop,14,,,
Seven Lions,Dance,17,,,
Shakin' Stevens,Pop,14,,,
Shane 54,Dance,17,,,
Shane Filan,Pop,14,,,
Shaun Frank,Dance,17,,,
Shawn Mendes,Pop,14,,,
Shayne Ward,Pop,14,,,
Sigala,Dance,17,,,
Silento,Hip Hop,18,,,
Silento,Rap,18,,,
Simon Curtis,Pop,14,,,
Sioen,Pop,14,,,
Skrux,Electronic,7,,,
Skytech,Dance,17,,,
Snoop Dogg,Hip Hop,18,,,
Snoop Dogg,Rap,18,,,
Spaarkey,House,1048,,,
Spag Heddy,Electronic,7,,,
Starix feat. Dogena,Electronic,7,,,
Starset,Rock,21,,,
Steerner,Dance,17,,,
Steve Angello,Pop,14,,,
Steve Angello,Dance,17,,,
Steve Jablonsky,Soundtrack,16,,,
Steven Price,Soundtrack,16,,,
Stevie Hoang,R&B,15,,,
Stevie Hoang,Soul,15,,,
Stevie Wonder,R&B,15,,,
Stevie Wonder,Soul,15,,,
Stewart Mac,Pop,14,,,
Sting,Electronic,7,,,
Sting,World,19,,,
Sting,Rock,21,,,
Sting,R&B,15,,,
Sting,Soul,15,,,
Stive Morgan,Ambient,1056,,,
Stwo,Electronic,7,,,
Stwo,Dance,17,,,
Stwo,Electronica,1058,,,
Syn Cole,Dance,17,,,
T-Pain,Hip Hop,18,,,
T-Pain,Rap,18,,,
T.I.,Rap,1076,,,
T.I.,Hip Hop,18,,,
T.I.,Rap,18,,,
Taio Cruz,Pop,14,,,
Taio Cruz,World,19,,,
Tamas Wells,Alternative,20,,,
Taps,Pop,14,,,
Tarkan,Pop,14,,,
Taylor Thrash,Pop,14,,,
Tech N9ne,Hip Hop,18,,,
Tech N9ne,Rap,18,,,
Teddy Thompson,Rock,21,,,
Teminite,Electronic,7,,,
Tep No,Dance,17,,,
Tez Cadey,Dance,17,,,
Thames,Pop,14,,,
The Notorious B.I.G.,Hip Hop,18,,,
The Notorious B.I.G.,Rap,18,,,
The Qiwu Selftet,Hip Hop,18,,,
The Qiwu Selftet,Rap,18,,,
The Weeknd,R&B,15,,,
The Weeknd,Soul,15,,,
The Workday Release,Singer,10,,,
The Workday Release,Songwriter,10,,,
The X-Ecutioners,Hip Hop,18,,,
The X-Ecutioners,Rap,18,,,
TheFatRat,Dance,17,,,
Thomas Bergersen,World,19,,,
Thomas Greenberg,Soundtrack,16,,,
Thomas Newman,Children's Music,4,,,
Thomas Newman,Soundtrack,16,,,
Throttle,Dance,17,,,
TiÌÇsto,Dance,17,,,
Tiago Iorc,Pop,14,,,
Tim McGraw,Country,6,,,
Timbaland,Pop,14,,,
Timbaland,Opera,1028,,,
Timbaland,Hip Hop,18,,,
Timbaland,Rap,18,,,
Timmy Trumpet,Dance,17,,,
TJR,Electronic,7,,,
TJR,Pop,14,,,
TJR,Dance,17,,,
TJR,Rock,21,,,
Tobu,Electronic,7,,,
Tom Bailey,Pop,14,,,
Tom Odell,Pop,14,,,
Tom Odell,Dance,17,,,
Tom Odell,House,1048,,,
Tom Odell,Singer,10,,,
Tom Odell,Songwriter,10,,,
Tom Waits,Alternative,20,,,
Tom Waits,Rock,21,,,
Tommy Emmanuel,Jazz,11,,,
Tony Bennett,Jazz,11,,,
Tony Bennett,Pop,14,,,
Tony Bennett,World,19,,,
Tony Bennett,Rock,21,,,
Tony Bennett,Vocal,23,,,
Tracy Bush,Soundtrack,16,,,
Travie McCoy,Pop,14,,,
Travis Garland,Pop,14,,,
Travis Scott,Hip Hop,18,,,
Travis Scott,Rap,18,,,
Trey Songz,R&B,15,,,
Trey Songz,Soul,15,,,
TroyBoi,Dance,17,,,
Troye Sivan,Pop,14,,,
Tunes of Fantasy,Classical,5,,,
Tupac,Hip Hop,18,,,
Tupac,Rap,18,,,
Ty Dolla $ign,Hip Hop,18,,,
Ty Dolla $ign,Rap,18,,,
Tyga,Hip Hop,18,,,
Tyga,Rap,18,,,
Tyler Ward,Singer,10,,,
Tyler Ward,Songwriter,10,,,
U Roy,Reggae,24,,,
U Ziu Cicciu d'America,Europe,1205,,,
UÌ±a Ramos,Latin,12,,,
UÌ±a Ramos,J-Pop,27,,,
Ucast,Trance,1051,,,
Udit Narayan,World,19,,,
Udo JÌ_rgens,German Pop,50000066,,,
Udo Lindenberg,Rock,21,,,
Udo Vismann,Classical,5,,,
Ufo Yepha,Hip Hop,18,,,
Ufo Yepha,Rap,18,,,
Ugly Duckling,Folk-Rock,1065,,,
Ugly Duckling,Hip Hop,18,,,
Ugly Duckling,Rap,18,,,
Ugress,Heavy Metal,1153,,,
Ugress,Electronic,7,,,
Ul,Christian & Gospel,22,,,
Ulf Nilsson,Rock,21,,,
Ulli BÌ_gershausen,Pop,14,,,
Ulli Boegershausen,Pop,14,,,
Ulrich Schnauss,Electronic,7,,,
UlulatE,World,19,,,
Umberto Tozzi,Opera,1028,,,
Umberto Tozzi,Pop,14,,,
Umek,Electronic,7,,,
Umek,Dance,17,,,
Ummet Ozcan,Dance,17,,,
Uncle Kracker,Rock,21,,,
Undefined,Hip Hop,18,,,
Undefined,Rap,18,,,
Underscores,Electronic,7,,,
Undertaker,Trance,1051,,,
Undertaker,Dance,17,,,
Uness,R&B,15,,,
Uness,Soul,15,,,
Unexist,Hardcore,1047,,,
Unicorn Kid,Dance,17,,,
Uniform Motion,Alternative,20,,,
Unique,Pop,14,,,
Unique,Alternative Rap,1068,,,
Unique,Hip Hop,18,,,
Unique,Rap,18,,,
Unk,Hip Hop,18,,,
Unk,Rap,18,,,
Unstoppable Music,Instrumental,53,,,
Urban Contact,Dance,17,,,
Urbanstep,Dance,17,,,
Uri Caine,Jazz,11,,,
Ursula 1000,Electronic,7,,,
USB Players,Dance,17,,,
Useless ID,Alternative,20,,,
Usher,Pop,14,,,
Usher,Dance,17,,,
Usher,R&B,15,,,
Usher,Hip Hop,18,,,
Usher,Soul,15,,,
Usher,Rap,18,,,
Uwe KrÌ_ger,Pop,14,,,
Vadim Repin,Classical,5,,,
Valcos,Electronic,7,,,
Valentino,Pop,14,,,
Valentino,German Folk,50000068,,,
Valentino Khan,Dance,17,,,
Vali,Pop,14,,,
Van Morrison,Rock,21,,,
Vance Joy,Alternative,20,,,
Vancouver Sleep Clinic,Alternative,20,,,
Vangelis,Electronic,7,,,
Vanic,Electronic,7,,,
Vanilla Ice,Hip Hop,18,,,
Vanilla Ice,Rap,18,,,
Vanze,Dance,17,,,
Varsity,Rock,21,,,
Vasco,K-Pop,1686,,,
Vaski,Dance,17,,,
VeFa44,World,19,,,
Vein,Alternative,20,,,
Venemy,Dance,17,,,
Vexare,Dance,17,,,
Vic Mensa,Hip Hop,18,,,
Vic Mensa,Rap,18,,,
Vice,Electronic,7,,,
Vice,Dance,17,,,
Vicente Amigo,Latin,12,,,
Vicion,House,1048,,,
Victor Wooten,Jazz,11,,,
VICTORIA KERN MENNO,Electronic,7,,,
Vince Gill,Country,6,,,
Vince Staples,Hip Hop,18,,,
Vince Staples,Rap,18,,,
Vincent Gallo,Alternative,20,,,
Vinnie Moore,Rock,21,,,
Virginia To Vegas,Pop,14,,,
Virtual Riot,Dance,17,,,
Vishal Dadlani,Bollywood,1263,,,
Vitalic,Dance,17,,,
Vitamin String Quartet,Rock,21,,,
Vladimir Ashkenazy,Classical,5,,,
Vladimir Horowitz,Classical,5,,,
Voicians,Electronic,7,,,
Volkan Konak,World,19,,,
Vonikk,Dance,17,,,
Vybz Kartel,Reggae,24,,,
Wadsworth,Dance,17,,,
Wadsworth,Rock,21,,,
Waka Flocka Flame,Hip Hop,18,,,
Waka Flocka Flame,Rap,18,,,
Wale,Hip Hop,18,,,
Wale,Rap,18,,,
Wankelmut,Dance,17,,,
Warptech,Dance,17,,,
Warren G,Jazz,11,,,
Warren G,Hip Hop,18,,,
Warren G,Rap,18,,,
Wasted Penguinz,Dance,17,,,
Wave Racer,Electronic,7,,,
Waylon Jennings,Country,6,,,
Wayman Tisdale,Jazz,11,,,
Wayne Gratz,New Age,13,,,
WC,Hip Hop,18,,,
WC,Rap,18,,,
Wee-o,House,1048,,,
Wes Montgomery,Jazz,11,,,
Whiiite,Dance,17,,,
Who Is Fancy,Pop,14,,,
Wild Belle,Alternative,20,,,
Wildstylez,Dance,17,,,
Wiley,Electronic,7,,,
Wiley,Dance,17,,,
Wiley,Alternative,20,,,
Wiley,Rap,1076,,,
Wiley,Hip Hop,18,,,
Wiley,Rap,18,,,
Wilhelm Kempff,Classical,5,,,
Wilkinson,Electronic,7,,,
Will Downing,Rock,21,,,
Will Downing,R&B,15,,,
Will Downing,Soul,15,,,
Will Heard,Pop,14,,,
Will Smith,Hip Hop,18,,,
Will Smith,Rap,18,,,
Will Sparks,Dance,17,,,
Will Young,Electronic,7,,,
Will Young,Pop,14,,,
will.i.am,Pop,14,,,
will.i.am,Hip Hop,18,,,
will.i.am,Rap,18,,,
William Ekh,Dance,17,,,
William Fitzsimmons,Singer,10,,,
William Fitzsimmons,Songwriter,10,,,
William Joseph,Instrumental,53,,,
Willie Nelson,Country,6,,,
Willy Moon,Pop,14,,,
Willy William,Dance,17,,,
Wisin,Latin Urban,1119,,,
Wisin,Latin,12,,,
Wisp X,Electronic,7,,,
Wiwek,Dance,17,,,
Wiz Khalifa,Hip Hop,18,,,
Wiz Khalifa,Rap,18,,,
Wojciech Kilar,Soundtrack,16,,,
Wolf Colony,Pop,14,,,
Wolfgang Amadeus Mozart,Classical,5,,,
Wolfgang Gartner,Dance,17,,,
Wolfpack,Dance,17,,,
Woodkid,Alternative,20,,,
Wrabel,Pop,14,,,
WRLD,Dance,17,,,
Wyclef Jean,Reggae,24,,,
Wyclef Jean,Hip Hop,18,,,
Wyclef Jean,Rap,18,,,
X-Fusion,Rock,21,,,
X-Noize,Trance,1051,,,
X-Tof,Dance,17,,,
X-Treme,Electronic,7,,,
X-Treme,Pop,14,,,
Xan Young,Electronic,7,,,
Xander,Pop,14,,,
Xander,Hip Hop,18,,,
Xander,Rap,18,,,
Xandl,House,1048,,,
Xaniar Khosravi,Pop,14,,,
XATAR,Hip Hop,18,,,
XATAR,Rap,18,,,
Xavi Shadow,Electronic,7,,,
Xavier Cugat,Jazz,11,,,
Xavier Cugat,Latin,12,,,
Xavier de Maistre,Classical,5,,,
Xavier Naidoo,Pop,14,,,
Xavier Rudd,Alternative,20,,,
Xavier Rudd,Rock,21,,,
Xavier Wulf,Hip Hop,18,,,
Xavier Wulf,Rap,18,,,
Xcultures,World,19,,,
XDB,Dance,17,,,
Xen,Hip Hop,18,,,
Xen,Rap,18,,,
Xerxes,Punk,1006,,,
Xerxes,Electronic,7,,,
Xerxes,Alternative,20,,,
Xerxes,Jungle,1049,,,
Xerxes,Drum'n'bass,1049,,,
Xeuphoria,Instrumental,53,,,
Xhanto,Jungle,1049,,,
Xhanto,Drum'n'bass,1049,,,
Xhelazz,Latin Urban,1119,,,
Xilent,Dance,17,,,
Xilent,Dance,17,,,
Ximo Tebar,Jazz,11,,,
Xinobi,Dance,17,,,
XL Middleton,Funk,1139,,,
XL Middleton,Hip Hop,18,,,
XL Middleton,Rap,18,,,
Xo,Pop,14,,,
XOV,Pop,14,,,
Xriz,Electronica,1058,,,
Xuso Jones,Pop,14,,,
XV,Hip Hop,18,,,
XV,Rap,18,,,
XVII,Hip Hop,18,,,
XVII,Rap,18,,,
XXTRAKT,Dance,17,,,
XXXY,Electronic,7,,,
XXYYXX,Electronic,7,,,
XYconstant,Dance,17,,,
Xzibit,Hip Hop,18,,,
Xzibit,Rap,18,,,
Y2K,Hip Hop,18,,,
Y2K,Rap,18,,,
Y€±ld€±z Tilbe,Pop,14,,,
YaÅÙar,Pop,14,,,
Yahel,Dance,17,,,
Yakuro,Electronica,1058,,,
Yandel,Latin Urban,1119,,,
Yann Tiersen,Soundtrack,16,,,
Yann Tiersen,World,19,,,
Yanni,New Age,13,,,
Yanni,R&B,15,,,
Yanni,Soul,15,,,
Yannick Bovy,Pop,14,,,
YARMAK,Hip Hop,18,,,
YARMAK,Rap,18,,,
Yehudi Menuhin,Classical,5,,,
Yelawolf,Hip Hop,18,,,
Yelawolf,Rap,18,,,
YG,Electronic,7,,,
YG,Ambient,1056,,,
YG,R&B,15,,,
YG,Hip Hop,18,,,
YG,Soul,15,,,
YG,Rap,18,,,
Yngwie Malmsteen,Rock,21,,,
Yo Gotti,Alternative,20,,,
Yo Gotti,Hip Hop,18,,,
Yo Gotti,Rap,18,,,
Yo Yo Honey Singh,Bollywood,1263,,,
Yo-Yo Ma,Classical,5,,,
Yodelice,Pop,14,,,
Yogi,Indian Pop,1185,,,
Yogi,Dance,17,,,
Yonderboi,Electronic,7,,,
YOOK!E,Electronic,7,,,
Young Buck,Hip Hop,18,,,
Young Buck,Rap,18,,,
Young Jeezy,Hip Hop,18,,,
Young Jeezy,Rap,18,,,
Young MC,Karaoke,52,,,
Young MC,R&B,15,,,
Young MC,Hip Hop,18,,,
Young MC,Soul,15,,,
Young MC,Rap,18,,,
Young Roddy,Hip Hop,18,,,
Young Roddy,Rap,18,,,
Young Scooter,Hip Hop,18,,,
Young Scooter,Rap,18,,,
Young Steff,Hip Hop,18,,,
Young Steff,Rap,18,,,
Young Thug,Hip Hop,18,,,
Young Thug,Rap,18,,,
Youssoupha,Hip Hop,18,,,
Youssoupha,Rap,18,,,
Youth In Revolt,Alternative,20,,,
Youth In Revolt,Rock,21,,,
Yppah,Electronic,7,,,
Yukmouth,Hip Hop,18,,,
Yukmouth,Rap,18,,,
Yuksek,Electronic,7,,,
Yultron,Dance,17,,,
Yung Berg,R&B,15,,,
Yung Berg,Soul,15,,,
Yung Joc,Hip Hop,18,,,
Yung Joc,Rap,18,,,
Yung Lean,Hip Hop,18,,,
Yung Lean,Rap,18,,,
Yusef Lateef,Jazz,11,,,
Yusuf GÌ_ney,Pop,14,,,
Yuvan Shankar Raja,Tamil,1264,,,
Yves Montand,Vocal,23,,,
Yves Montand,French Pop,50000064,,,
Yves V,Dance,17,,,
Z-RO,Rap,1076,,,
Z-RO,Reggae,24,,,
Zac Efron,Rock,21,,,
Zac Poor,Pop,14,,,
Zac Waters,Dance,17,,,
Zacari,Electronic,7,,,
Zach Sobiech,Pop,14,,,
Zachary Bruno,Instrumental,53,,,
Zack Hemsey,Instrumental,53,,,
Zak Abel,R&B,15,,,
Zak Abel,Soul,15,,,
Zak Waters,Dance,17,,,
Zander Zon,New Age,13,,,
Zany,Dance,17,,,
Zardonic,Dance,17,,,
Zatox,Dance,17,,,
Zaxx,Dance,17,,,
ZAYN,Pop,14,,,
ZAYN,Soundtrack,16,,,
ZAYN,Heavy Metal,1153,,,
ZAYN,Modern Dancehall,1866,,,
ZAYN,R&B,15,,,
ZAYN,Hip Hop,18,,,
ZAYN,Soul,15,,,
ZAYN,Rap,18,,,
Zden€_k Gromnica,Instrumental,53,,,
Zden€_k Rys,Instrumental,53,,,
Zedd,Dance,17,,,
Zen,Dance,17,,,
Zen,World,19,,,
Zen,Rock,21,,,
Zen,Cantopop,1656,,,
Zeni N,House,1048,,,
Zewelle,House,1048,,,
ZIGGY,Dance,17,,,
ZIGGY,Rock,21,,,
ZIGGY,Hip Hop,18,,,
ZIGGY,Rap,18,,,
Ziggy Marley,Reggae,24,,,
Zion,Latin,12,,,
Zion,World,19,,,
Zion,Christian & Gospel,22,,,
Zion,Reggae,24,,,
Zion,Rap,1076,,,
zircon,Electronic,7,,,
ZoltÌÁn Kocsis,Classical,5,,,
Zombie Nation,Rock,21,,,
Zomtek,Dance,17,,,
Zonderling,Dance,17,,,
Zoree,House,1048,,,
ZROQ,Dance,17,,,
Zubin Mehta,Classical,5,,,
Zucchero,Pop,14,,,
Zucchero,World,19,,,
Zumba Fitness,Fitness & Workout,50,,,
Zuubi,Dance,17,,,
Zwette,Dance,17,,,
Zwicker,Electronic,7,,,